{
  "ret": 0.5247044277540046,
  "mtx": [
    [
      486.7567314200423,
      0.0,
      327.61016123450247
    ],
    [
      0.0,
      488.97870510989077,
      226.38954590447113
    ],
    [
      0.0,
      0.0,
      1.0
    ]
  ],
  "dist": [
    [
      -0.3626870018822557,
      0.18083655830083703,
      0.0007057681234243233,
      0.00027045254839412885,
      -0.05066210229270111
    ]
  ],
  "rvecs": [
    [
      [
        -0.16544132165015016
      ],
      [
        -0.665127954119608
      ],
      [
        0.0012114156563389831
      ]
    ],
    [
      [
        -0.08532704222442507
      ],
      [
        0.07804690657522913
      ],
      [
        0.029603576951704444
      ]
    ],
    [
      [
        -0.12272879853471429
      ],
      [
        0.6959816654379551
      ],
      [
        0.061715184359053626
      ]
    ],
    [
      [
        -0.15529787203109197
      ],
      [
        0.5233872859052084
      ],
      [
        0.044898925742613206
      ]
    ],
    [
      [
        -0.6858915176506146
      ],
      [
        0.14328017544501012
      ],
      [
        0.053269116177795256
      ]
    ],
    [
      [
        0.19043347660085141
      ],
      [
        0.11226770719108521
      ],
      [
        -0.0014728255507002613
      ]
    ],
    [
      [
        0.4504281463784102
      ],
      [
        0.08686210257966726
      ],
      [
        -0.023480067696168373
      ]
    ],
    [
      [
        0.10316703374722111
      ],
      [
        0.07730194312417761
      ],
      [
        -0.00770029133676008
      ]
    ],
    [
      [
        0.032220544673119106
      ],
      [
        0.014977543163072291
      ],
      [
        -0.023827042689443075
      ]
    ],
    [
      [
        -0.08051137481763984
      ],
      [
        -0.009212480522656951
      ],
      [
        -0.018281662527305
      ]
    ],
    [
      [
        -0.0059859800158675956
      ],
      [
        -0.03325272519922892
      ],
      [
        -0.01332725649735957
      ]
    ],
    [
      [
        -0.017475036649864616
      ],
      [
        -0.04557140643973137
      ],
      [
        -0.0021766014025211508
      ]
    ],
    [
      [
        -0.024348365174066598
      ],
      [
        -0.03386382813749587
      ],
      [
        0.005617425992623445
      ]
    ],
    [
      [
        -0.025162391109715427
      ],
      [
        0.4370457534195734
      ],
      [
        0.007671646868348895
      ]
    ],
    [
      [
        -0.026522455468431922
      ],
      [
        0.7691363639696412
      ],
      [
        0.01328933325563478
      ]
    ],
    [
      [
        -0.06897348367730388
      ],
      [
        0.15644752949612262
      ],
      [
        -0.010660368467489585
      ]
    ],
    [
      [
        -0.08628990175841228
      ],
      [
        -0.6630499227467018
      ],
      [
        -0.046501696290719055
      ]
    ],
    [
      [
        -0.10656037065806624
      ],
      [
        -0.972292431190822
      ],
      [
        -0.06534270719287723
      ]
    ],
    [
      [
        -0.14831636421639202
      ],
      [
        -0.8621756223942286
      ],
      [
        -0.05255141148330547
      ]
    ],
    [
      [
        -0.0969384497996237
      ],
      [
        -0.3714483872152681
      ],
      [
        -0.01618332535284203
      ]
    ],
    [
      [
        -0.05124812791597085
      ],
      [
        0.21831916020778253
      ],
      [
        -0.021138143365427596
      ]
    ],
    [
      [
        -0.027891173145685524
      ],
      [
        0.6819312283621535
      ],
      [
        0.03139478886760732
      ]
    ],
    [
      [
        -0.015126892993888974
      ],
      [
        0.9952799816883766
      ],
      [
        0.017008687305352557
      ]
    ],
    [
      [
        -0.04275301301662067
      ],
      [
        0.6936786436042742
      ],
      [
        0.007345422691675467
      ]
    ],
    [
      [
        -0.09379192608560602
      ],
      [
        0.140356035176922
      ],
      [
        0.023659983879026316
      ]
    ],
    [
      [
        -0.03290951671543876
      ],
      [
        -0.23939211451982076
      ],
      [
        0.004157526565655934
      ]
    ],
    [
      [
        -0.0009116337777532889
      ],
      [
        -0.33471712542027526
      ],
      [
        -0.015172534210152421
      ]
    ],
    [
      [
        -0.13949016592333974
      ],
      [
        -0.24904451971787644
      ],
      [
        -0.007075759096552618
      ]
    ],
    [
      [
        0.08833819346676598
      ],
      [
        -0.3411281875092419
      ],
      [
        -0.0268777000966263
      ]
    ],
    [
      [
        0.10342065549152638
      ],
      [
        -0.2913666958499732
      ],
      [
        -0.014189952176445834
      ]
    ],
    [
      [
        0.40517376510572173
      ],
      [
        -0.29985732852577185
      ],
      [
        0.048192280012492386
      ]
    ],
    [
      [
        0.29733645086857413
      ],
      [
        -0.29003961337221956
      ],
      [
        0.04381013663917279
      ]
    ],
    [
      [
        -0.02014922526505788
      ],
      [
        -0.29818502794987567
      ],
      [
        0.012333369176185528
      ]
    ],
    [
      [
        -0.011402995845107233
      ],
      [
        -0.09478217665367576
      ],
      [
        0.0030743771483292214
      ]
    ],
    [
      [
        0.004038307359579037
      ],
      [
        0.21607275307851184
      ],
      [
        -0.028826031050557498
      ]
    ],
    [
      [
        0.10542841261532637
      ],
      [
        0.5224873718458862
      ],
      [
        -0.04347966526570341
      ]
    ],
    [
      [
        0.0006614735391502249
      ],
      [
        0.690540100179944
      ],
      [
        -0.049598430066929766
      ]
    ],
    [
      [
        0.07191387131380649
      ],
      [
        0.6170936106115639
      ],
      [
        -0.05164089362723096
      ]
    ],
    [
      [
        0.3177155230398396
      ],
      [
        0.5771469563522709
      ],
      [
        -0.08427225342112188
      ]
    ],
    [
      [
        0.6321723405518288
      ],
      [
        0.5479195184183719
      ],
      [
        -0.17440472225622522
      ]
    ],
    [
      [
        0.6741519468077953
      ],
      [
        0.5892297061917366
      ],
      [
        -0.20749292624457344
      ]
    ],
    [
      [
        0.15217851791933176
      ],
      [
        0.624770819315657
      ],
      [
        -0.02874285949021675
      ]
    ],
    [
      [
        0.4611288598238925
      ],
      [
        0.5655101135473032
      ],
      [
        -0.07093221901122129
      ]
    ],
    [
      [
        0.6621080047634079
      ],
      [
        0.4386117068904182
      ],
      [
        -0.09820447456303265
      ]
    ],
    [
      [
        0.7201678293618322
      ],
      [
        0.1888326628628994
      ],
      [
        -0.059810952352476424
      ]
    ],
    [
      [
        0.7974856965432423
      ],
      [
        -0.13007912245459086
      ],
      [
        0.06384141865982952
      ]
    ],
    [
      [
        0.8471881373930917
      ],
      [
        -0.34756158886307065
      ],
      [
        0.1529518693024416
      ]
    ],
    [
      [
        0.7649431784916428
      ],
      [
        -0.7211772217159874
      ],
      [
        0.3360704948929382
      ]
    ],
    [
      [
        0.7883758920643648
      ],
      [
        -0.7305639231447701
      ],
      [
        0.33638305627246556
      ]
    ],
    [
      [
        0.5500061734422048
      ],
      [
        -0.7246723658322404
      ],
      [
        0.20138727269215134
      ]
    ],
    [
      [
        -0.13617018834553737
      ],
      [
        -0.6315026525262057
      ],
      [
        0.04747813378061208
      ]
    ],
    [
