{"ret": 0.5247044277540046, "mtx": [[486.7567443847656, 0.0, 327.61016845703125], [0.0, 488.97869873046875, 226.38954162597656], [0.0, 0.0, 1.0]], "dist": [[-0.36268699169158936, 0.18083655834197998, 0.000705768121406436, 0.0002704525541048497, -0.05066210404038429]], "rvecs": [[-2.8390636928542583], [-0.023877772649360765], [-0.024181425823274802]], "tvecs": [[-65.77993355770361], [97.86019776724908], [359.37368276734463]]}