{"ret": 0.5247044277540046, "mtx": [[486.7567443847656, 0.0, 327.61016845703125], [0.0, 488.97869873046875, 226.38954162597656], [0.0, 0.0, 1.0]], "dist": [[-0.36268699169158936, 0.18083655834197998, 0.000705768121406436, 0.0002704525541048497, -0.05066210404038429]], "rvecs": [[-2.8470783184058885], [-0.027348083567799705], [-0.039610285526654465]], "tvecs": [[-65.95178406647459], [98.96222697360068], [362.42155644194816]]}