{
  "ret": 1.2439879109015186,
  "mtx": [
    [
      481.2263337564457,
      0.0,
      322.0032715359689
    ],
    [
      0.0,
      479.93954887702733,
      219.92583524512534
    ],
    [
      0.0,
      0.0,
      1.0
    ]
  ],
  "dist": [
    [
      -0.3615946368730868,
      0.18511322445988956,
      0.00441361938715141,
      0.0009173935777576596,
      -0.05935870569428869
    ]
  ],
  "rvecs": [
    [
      [
        -0.19306977606823297
      ],
      [
        -0.3097927299056272
      ],
      [
        1.4664856809780074
      ]
    ],
    [
      [
        -0.20846475976342554
      ],
      [
        -0.20241101527441666
      ],
      [
        1.5640553391413319
      ]
    ],
    [
      [
        0.20487522403342157
      ],
      [
        -0.12592195085771313
      ],
      [
        -1.5423915761874032
      ]
    ],
    [
      [
        -0.26236730248293444
      ],
      [
        -0.07357284494149544
      ],
      [
        1.4402516468001216
      ]
    ],
    [
      [
        0.16898847143591192
      ],
      [
        0.250748716254126
      ],
      [
        1.4498155604504765
      ]
    ],
    [
      [
        -0.6911100135301087
      ],
      [
        -0.9204243948907741
      ],
      [
        1.405274409339215
      ]
    ],
    [
      [
        -0.6489032383474626
      ],
      [
        -0.7522130177687675
      ],
      [
        1.2284779387929328
      ]
    ],
    [
      [
        -0.0701175655467581
      ],
      [
        0.1959883137185748
      ],
      [
        1.3015353424594904
      ]
    ],
    [
      [
        -0.2900875228425245
      ],
      [
        0.24441419317915364
      ],
      [
        1.1808533113735165
      ]
    ],
    [
      [
        0.05507408192160734
      ],
      [
        -0.029447504075475636
      ],
      [
        1.5935060978293845
      ]
    ],
    [
      [
        0.6388058306816055
      ],
      [
        0.7510748275405178
      ],
      [
        1.3555188697650824
      ]
    ],
    [
      [
        0.15110252169074456
      ],
      [
        -0.011939922737104652
      ],
      [
        1.453133187732085
      ]
    ],
    [
      [
        -0.10937135999807913
      ],
      [
        -0.15402140535302003
      ],
      [
        1.3765945733519722
      ]
    ],
    [
      [
        -0.17991580695618198
      ],
      [
        -0.06046342537083746
      ],
      [
        1.3692280988714707
      ]
    ],
    [
      [
        0.028645997666517892
      ],
      [
        -0.1933041581771013
      ],
      [
        1.3309502594628273
      ]
    ],
    [
      [
        0.1760003652966395
      ],
      [
        -0.00768382218391625
      ],
      [
        1.387534007316072
      ]
    ],
    [
      [
        0.20903257284507842
      ],
      [
        -0.02895010447414111
      ],
      [
        1.4516204948811908
      ]
    ],
    [
      [
        0.6120473654988412
      ],
      [
        -0.43815218773467796
      ],
      [
        1.3986428244741858
      ]
    ],
    [
      [
        0.6469664705197771
      ],
      [
        -0.5872983674696147
      ],
      [
        1.3458825333351174
      ]
    ],
    [
      [
        0.6528646156516572
      ],
      [
        -0.5914852448618542
      ],
      [
        1.3584378214668709
      ]
    ],
    [
      [
        0.06760122140929062
      ],
      [
        -0.08959941712165843
      ],
      [
        1.4297496470025295
      ]
    ],
    [
      [
        -0.26898091200544294
      ],
      [
        0.021172364372808707
      ],
      [
        1.289238451742045
      ]
    ],
    [
      [
        -0.23472150921134313
      ],
      [
        -0.29857694388914385
      ],
      [
        1.4593110593840186
      ]
    ],
    [
      [
        -0.15832815145039628
      ],
      [
        -0.20226462165234013
      ],
      [
        1.4697647744408078
      ]
    ],
    [
      [
        0.30114467999286654
      ],
      [
        -0.706299291401365
      ],
      [
        1.5821701761751747
      ]
    ],
    [
      [
        0.7208916978249347
      ],
      [
        0.29155914520628146
      ],
      [
        -1.353088226351236
      ]
    ],
    [
      [
        0.8229524322199084
      ],
      [
        0.34380686241218855
      ],
      [
        -1.2901338508412707
      ]
    ],
    [
      [
        -0.21345413499490154
      ],
      [
        -0.26674801137969106
      ],
      [
        1.4565328304612637
      ]
    ],
    [
      [
        -0.3645447795837684
      ],
      [
        0.28110546321000907
      ],
      [
        1.221436312643274
      ]
    ],
    [
      [
        -0.41120923394414804
      ],
      [
        0.10208218686667907
      ],
      [
        1.149686192592438
      ]
    ],
    [
      [
        -0.3271764842299215
      ],
      [
        0.10681616852639192
      ],
      [
        1.5006977341353303
      ]
    ],
    [
      [
        -0.06000560990312337
      ],
      [
        -0.21024747225164686
      ],
      [
        -1.4171276049245707
      ]
    ],
    [
      [
        -0.1453626669480337
      ],
      [
        0.45484856045350125
      ],
      [
        1.4578545392602167
      ]
    ],
    [
      [
        -0.4795279928897088
      ],
      [
        0.04289866401884328
      ],
      [
        1.4883821373412294
      ]
    ]
  ],