{"ret": 1.2439879109015186, "mtx": [[481.2263488769531, 0.0, 322.0032653808594], [0.0, 479.9395446777344, 219.92584228515625], [0.0, 0.0, 1.0]], "dist": [[-0.36159464716911316, 0.18511322140693665, 0.0044136191718280315, 0.0009173935977742076, -0.05935870483517647]], "rvecs": [[-2.1345158873462835], [0.3125301174605283], [-1.9760513806785025]], "tvecs": [[46.8417274503282], [116.53550942890018], [276.36868196544583]]}