{
  "ret": 1.0316240641443004,
  "mtx": [
    [
      489.34758839745484,
      0.0,
      333.9846716504332
    ],
    [
      0.0,
      491.19749626595046,
      225.23165243162458
    ],
    [
      0.0,
      0.0,
      1.0
    ]
  ],
  "dist": [
    [
      -0.36462781687942175,
      0.1876718156689471,
      0.00010404323578091872,
      0.0002736038726075996,
      -0.057301133786692174
    ]
  ],
  "rvecs": [
    [
      [
        -0.0013308485330386904
      ],
      [
        -0.41297620166489024
      ],
      [
        0.009835385355111127
      ]
    ],
    [
      [
        -0.015693143104688324
      ],
      [
        -0.4917343615318947
      ],
      [
        -0.05968971117510992
      ]
    ],
    [
      [
        -0.0029424272626928927
      ],
      [
        -0.32958098500753996
      ],
      [
        -0.05370183101203424
      ]
    ],
    [
      [
        -0.044180107063895815
      ],
      [
        -0.5562299796071483
      ],
      [
        -0.13143757558780064
      ]
    ],
    [
      [
        -0.31730193710395577
      ],
      [
        -0.5701230926231005
      ],
      [
        -0.2877336665085133
      ]
    ],
    [
      [
        -0.39379179770296713
      ],
      [
        -0.4329446659135571
      ],
      [
        -0.47518467177826756
      ]
    ],
    [
      [
        -0.9668896376700037
      ],
      [
        -0.11591985069580363
      ],
      [
        -0.23101598432930995
      ]
    ],
    [
      [
        -0.6756975659420033
      ],
      [
        0.639316923859998
      ],
      [
        0.30045929832321033
      ]
    ],
    [
      [
        -0.433636323637859
      ],
      [
        1.1638958343281565
      ],
      [
        0.348054016554557
      ]
    ],
    [
      [
        -0.32295876636919035
      ],
      [
        1.317094643161726
      ],
      [
        0.3636657433590579
      ]
    ],
    [
      [
        -0.01833584922778131
      ],
      [
        0.6544178702080703
      ],
      [
        0.15378336028337705
      ]
    ],
    [
      [
        0.07666107069225277
      ],
      [
        0.4774388993130053
      ],
      [
        0.042296564666397335
      ]
    ],
    [
      [
        0.01059754593868909
      ],
      [
        0.4609794819932724
      ],
      [
        0.01724412094971496
      ]
    ],
    [
      [
        0.5442264730389788
      ],
      [
        0.17785101770865858
      ],
      [
        -0.012857082947963096
      ]
    ],
    [
      [
        0.8356706931906981
      ],
      [
        0.2910315071839395
      ],
      [
        -0.11149709651639261
      ]
    ],
    [
      [
        0.9146239252207976
      ],
      [
        0.3502404572252885
      ],
      [
        -0.15696366759483826
      ]
    ],
    [
      [
        1.002284898428069
      ],
      [
        0.30759361855249795
      ],
      [
        -0.16986370010355514
      ]
    ],
    [
      [
        0.9205968931650583
      ],
      [
        -0.43275527742026015
      ],
      [
        0.14039894629625133
      ]
    ],
    [
      [
        0.8247579194921146
      ],
      [
        -0.8040649820844724
      ],
      [
        0.2623108012795593
      ]
    ],
    [
      [
        0.8146482199242394
      ],
      [
        -0.8839885516997792
      ],
      [
        0.25409636018532455
      ]
    ],
    [
      [
        0.8436035999180672
      ],
      [
        -0.6578186795460789
      ],
      [
        0.17327862781557388
      ]
    ],
    [
      [
        0.854278047679691
      ],
      [
        -0.32985329479450815
      ],
      [
        0.06352450868440507
      ]
    ],
    [
      [
        0.8810754897852728
      ],
      [
        -0.1892821071962866
      ],
      [
        0.0639988551227554
      ]
    ],
    [
      [
        0.8745361545629565
      ],
      [
        -0.026754437159160403
      ],
      [
        0.0006521582395746604
      ]
    ],
    [
      [
        0.6406398996558081
      ],
      [
        0.5322394002809174
      ],
      [
        -0.1510738267034042
      ]
    ],
    [
      [
        0.5575746702833911
      ],
      [
        0.4842425421157251
      ],
      [
        -0.11560372859461365
      ]
    ],
    [
      [
        0.17428940097916115
      ],
      [
        0.4736050341601411
      ],
      [
        0.004657225173583526
      ]
    ],
    [
      [
        -0.19028135513549044
      ],
      [
        0.4105655814038391
      ],
      [
        0.1065031507221681
      ]
    ],
    [
      [
        -0.2859546513742816
      ],
      [
        0.5576987200348184
      ],
      [
        0.10978936102227956
      ]
    ],
    [
      [
        -0.20073831554434934
      ],
      [
        0.22813025275609672
      ],
      [
        0.031006961455624968
      ]
    ],
    [
      [
        -0.06215996647018464
      ],
      [
        -0.05495755879329221
      ],
      [
        -0.007203147098927131
      ]
    ],
    [
      [
        -0.1178843261797439
      ],
      [
        -0.3701699693485391
      ],
      [
        -0.08505431480973649
      ]
    ],
    [
      [
        -0.13768673235558376
      ],
      [
        -0.6007199952744013
      ],
      [
        -0.18393781680644647
      ]
    ],
    [
      [
        -0.16782197383300101
      ],
      [
        -0.437357758599968
      ],
      [
        -0.19324881048515682
      ]
    ],
    [
      [
        -0.3936389376018146
      ],
      [
        0.07952673399336266
      ],
      [
        -0.05744512347011006
      ]
    ],
    [
      [
        -0.38927487758210266
      ],
      [
        0.7279807063045929
      ],
      [
        0.13947868050633044
      ]
    ],
    [
      [
        -0.373934255145706
      ],
      [
        0.7730144111207226
      ],
      [
        0.12745943591382194
      ]
    ],
    [
      [
        0.0694704582452693
      ],
      [
        0.7404585527012539
      ],
      [
        -0.005995724301683712
      ]
    ],
    [
      [
        -0.010277566314756795
      ],
      [
        0.8561195275827365
      ],
      [
        0.3010402528785939
      ]
    ],
    [
      [
        0.15137545206857683
      ],
      [
        0.8696733638941069
      ],
      [
        -0.10975658915656057
      ]
    ],
    [
      [
        -0.023346848860674667
      ],
      [
        0.7741164152778492
      ],
      [
        0.040944962959927104
      ]
    ],
    [
      [
        0.16709196601736914
      ],
      [
        0.7346010769685835
      ],
      [
        0.47636283985841416
      ]
    ]
  ],