{"ret": 1.0316240641443004, "mtx": [[489.34759521484375, 0.0, 333.98468017578125], [0.0, 491.197509765625, 225.23165893554688], [0.0, 0.0, 1.0]], "dist": [[-0.36462780833244324, 0.18767181038856506, 0.00010404323256807402, 0.0002736038586590439, -0.05730113387107849]], "rvecs": [[-2.5913675653790644], [-0.16338643206139375], [1.1627008720862049]], "tvecs": [[-15.85634396315585], [68.71074472906358], [417.07028552523275]]}