{"ret": 1.0316240641443004, "mtx": [[489.34759521484375, 0.0, 333.98468017578125], [0.0, 491.197509765625, 225.23165893554688], [0.0, 0.0, 1.0]], "dist": [[-0.36462780833244324, 0.18767181038856506, 0.00010404323256807402, 0.0002736038586590439, -0.05730113387107849]], "rvecs": [[-2.589012630250406], [-0.17818356437274732], [1.1419271404352314]], "tvecs": [[-16.546069211494984], [70.9999701755532], [426.3822265433212]]}