{"ret": 0.9158212307687069, "mtx": [[489.28948974609375, 0.0, 344.62628173828125], [0.0, 491.6080322265625, 242.5325927734375], [0.0, 0.0, 1.0]], "dist": [[-0.37507206201553345, 0.21276485919952393, -0.0005607131170108914, -0.0009034161921590567, -0.07697736471891403]], "rvecs": [[-2.531439182272682], [0.20924632313621314], [-1.3498023439986362]], "tvecs": [[-74.20157371989038], [96.37702252427874], [381.65801780706454]]}